{
  "language": [
    {
      "name": "Dart",
      "class": "devicon-dart-plain"
    },
    {
      "name": "JavaScript",
      "class": "devicon-javascript-plain"
    },
    {
      "name": "TypeScript",
      "class": "devicon-typescript-plain"
    },
    {
      "name": "Python",
      "class": "devicon-python-plain-wordmark"
    },
    {
      "name": "Java",
      "class": "devicon-java-plain-wordmark"
    },
    {
      "name": "c#",
      "class": "devicon-csharp-plain-wordmark"
    },
    {
      "name": "Arduino",
      "class": "devicon-arduino-plain"
    },
    {
      "name": "Bash",
      "class": "devicon-bash-plain"
    },
    {
      "name": "c++",
      "class": "devicon-cplusplus-plain-wordmark"
    }
  ],
  "frontend": [
    {
      "name": "Flutter",
      "class": "devicon-flutter-plain"
    },
    {
      "name": "ReactJS",
      "class": "devicon-react-original-wordmark"
    },
    {
      "name": "React Native",
      "class": "devicon-react-original"
    },
    {
      "name": "VueJS",
      "class": "devicon-vuejs-plain-wordmark"
    }
  ],
  "backend": [
    "ExpressJS",
    "Laravel",
    "Flask",
    "Django"
  ],
  "ui": [
    {
      "name": "Adobe XD",
      "class": "devicon-xd-plain"
    },
    {
      "name": "Adobe Photoshop",
      "class": "devicon-photoshop-plain"
    },
    {
      "name": "Adobe Illustrator",
      "class": "devicon-illustrator-plain"
    }
  ],
  "platform": [
    {
      "name": "Cross Platform",
      "framework": [
        {
          "name": "Flutter",
          "class": "devicon-flutter-plain"
        },
        {
          "name": "React Native",
          "class": "devicon-react-original"
        }
      ]
    },
    {
      "name": "Web",
      "framework": [
        {
          "name": "ReactJS",
          "class": "devicon-react-original-wordmark"
        },
        {
          "name": "VueJS",
          "class": "devicon-vuejs-plain-wordmark"
        },
        {
          "name": "ExpressJS",
          "class": "devicon-express-original-wordmark"
        },
        {
          "name": "Laravel",
          "class": "devicon-laravel-plain-wordmark"
        },
        {
          "name": "Flask",
          "class": "devicon-flask-original-wordmark"
        },
        {
          "name": "Django",
          "class": "devicon-django-plain"
        },
        {
          "name": ".NET Core",
          "class": "devicon-dotnetcore-plain"
        }
      ]
    },
    {
      "name": "Mobile",
      "framework": [
        {
          "name": "Android",
          "class": "devicon-android-plain-wordmark"
        }
      ]
    },
    {
      "name": "Desktop",
      "framework": [
        {
          "name": "ElectronJS",
          "class": "devicon-electron-original-wordmark"
        },
        {
          "name": "Swing",
          "class": "devicon-java-plain-wordmark"
        },
        {
          "name": ".NET Desktop",
          "class": "devicon-dot-net-plain-wordmark"
        }
      ]
    },
    {
      "name": "IoT",
      "framework": [
        {
          "name": "Arduino",
          "class": "devicon-arduino-plain-wordmark"
        },
        {
          "name": "Raspberry Pi",
          "class": "devicon-raspberrypi-line-wordmark"
        }
      ]
    }
  ],
  "database": [
    {
      "name": "MongoDB",
      "class": "devicon-mongodb-plain-wordmark"
    },
    {
      "name": "MySQL",
      "class": "devicon-mysql-plain-wordmark"
    },
    {
      "name": "Firebase Firestore",
      "class": "devicon-firebase-plain-wordmark"
    }
  ],
  "other": [
    "OOP",
    "Data Structures & Algorithms",
    "REST API",
    "Firebase"
  ],
  "oj": [
    "Hackerrank (hackos: 5900+)",
    "URI 182+ solved"
  ],
  "tools": [
    {
      "name": "git",
      "class": "devicon-git-plain"
    },
    {
      "name": "Docker",
      "class": "devicon-docker-plain-wordmark"
    }
  ],
  "icons": [
    {
      "name": "HTML 5",
      "class": "devicon-flutter-plain",
      "level": "95"
    },
    {
      "name": "CSS 3",
      "class": "devicon-express-plain",
      "level": "95"
    },
    {
      "name": "Angular",
      "class": "devicon-angularjs-plain",
      "level": "80"
    },
    {
      "name": "TypeScript",
      "class": "devicon-typescript-plain",
      "level": "90"
    },
    {
      "name": "JavaScript",
      "class": "devicon-javascript-plain",
      "level": "70"
    },
    {
      "name": "Sass",
      "class": "devicon-sass-original",
      "level": "75"
    },
    {
      "name": "Bootstrap",
      "class": "devicon-bootstrap-plain",
      "level": "85"
    },
    {
      "name": "C#",
      "class": "devicon-csharp-plain",
      "level": "65"
    },
    {
      "name": "MySql",
      "class": "devicon-mysql-plain",
      "level": "60"
    }
  ]
}